<?xml version="1.0"?>
<!DOCTYPE modification SYSTEM "http://www.simplemachines.org/xml/modification">
<modification xmlns="http://www.simplemachines.org/xml/modification" xmlns:smf="http://www.simplemachines.org/">
 <id>Dragooon:DoublePostStopper</id>
 <version>1.1</version>
  <file name="$sourcedir/Post.php">
  <operation>
   <search position="before"><![CDATA[function Post()
{]]></search>
   <add><![CDATA[
// Double Post Stopper change - Start
	checkForBump();
// End		
	]]>
</add>
  </operation>
   <operation>
   <search position="before"><![CDATA[function Post2()
{]]></search>
   <add><![CDATA[
// Double Post Stopper change - Start
	checkForBump();
// End		
	]]>
</add>
  </operation>
    <operation>
   <search position="after"><![CDATA[?>]]></search>
   <add><![CDATA[
function checkForBump() {
	// This function here is for the Mod : Double Post Stopper, Made by Dragooon.
	// It Checks weather the Poster is trying to bump the topic or not.
	global $db_prefix, $ID_MEMBER, $topic, $modSettings;
	if(isset($topic)) {		
		// Do the Query to grab the stuff for checking.
		$result = db_query("SELECT
								m.posterTime, m.posterName, m.posterEmail
							FROM 
								{$db_prefix}topics AS t, {$db_prefix}messages AS m
							WHERE
								t.ID_LAST_MSG = m.ID_MSG
								AND m.ID_TOPIC = $topic
								AND m.ID_MEMBER = $ID_MEMBER					 
							LIMIT 1"
							,__FILE__,__LINE__);	
		if(mysql_num_rows($result) <= 0)
			return;
			
		$row = mysql_fetch_assoc($result);
		mysql_free_result($result);		
		
		// Check it if its a Bump Attempt
		// The Poster Time assigned to the variable
		$lpt = $row['posterTime'];
		$timeTHold = $modSettings['doublePostThold'] * 60 * 60 * 24;
		
		// Declare it false in begginning. If some conditions gets true, It turns into true, else it goes as false.
		$bumpAttempt = false;
		
		// Time Not set? Declare it as true then 
		if(empty($modSettings['doublePostThold']))
			$bumpAttempt = true;
		// Is it set?
		elseif ($lpt + $timeTHold > time())
			$bumpAttempt = true;

		if(!isset($_REQUEST['msg']) && $bumpAttempt && !allowedTo('doublePost') && ($ID_MEMBER > 0 || (isset($_POST['guestname']) && $_POST['guestname'] == $row['posterName']) || (isset($_POST['email']) && $_POST['email'] == $row['posterEmail'])))
			fatal_lang_error('double_post_attempt');
		else
			return;
	} else {
	// Do nothing if it isn't set.
		return;
	}

}
]]></add>
  </operation>
 </file>
 <file name="$languagedir/Modifications.english.php">
  <operation>
    <search position="after"><![CDATA[?>]]></search>
   <add><![CDATA[
// Double Post stopper strings
$txt['double_post_attempt'] = 'Sorry, but you are not allowed to double post. Please go back and edit your previous post.';
$txt['permissionname_doublePost'] = 'Allow them to Double post';
$txt['permissionhelp_doublePost'] = 'By Enabling this You will allow them to double post.';
$txt['doublePostAdmin_main'] = 'Time before the user is not allowed to double post';
$txt['doublePostHelp'] = 'Time(in Days) before double posting is considered as a bump attempt. A user is not allowed to post a continous second reply within the given time threshhold.';
$txt['doublePostAdmin_sub'] = 'Is set as in Days. Click on the "?" if you want more information. Leave Blank to prevent double posting always';

]]>
</add>
  </operation>
 </file>
  <file name="$languagedir/Modifications.italian.php" error="skip">
  <operation>
    <search position="after"><![CDATA[?>]]></search>
   <add><![CDATA[
// Double Post stopper strings
$txt['double_post_attempt'] = 'Mi spiace, non puoi fare post consecutivi, modifica il tuo messaggio precedente!';
$txt['permissionname_doublePost'] = 'Consenti doppio post';
$txt['permissionhelp_doublePost'] = 'Attivandolo permetterà loro di fare post consecutivi.';
$txt['doublePostAdmin_main'] = 'Tempo prima di poter creare un post consecutivo';
$txt['doublePostHelp'] = 'Tempo (in giorni). Un utente non è autorizzato a postare di continuo post consecutivi entro un determinato tempo limite.';
$txt['doublePostAdmin_sub'] = '	È impostato come in Giorni. Fare clic su "?" Se volete maggiori informazioni. Lasciare in bianco per impedire sempre i post consecutivi';

]]>
</add>
  </operation>
 </file>
   <file name="$languagedir/Modifications.turkish.php" error="skip">
  <operation>
    <search position="after"><![CDATA[?>]]></search>
   <add><![CDATA[
// Double Post stopper strings
$txt['double_post_attempt'] = 'Aynı konuya arka arkaya ikinci bir ileti göndermeye yetkiniz yok. Lütfen geri dönüp önceki iletinizi düzenleyiniz.';
$txt['permissionname_doublePost'] = 'Flood mesajlara izin ver';
$txt['permissionhelp_doublePost'] = 'Bunu seçerseniz flood mesajlara izin vermiş olursunuz.';
$txt['doublePostAdmin_main'] = 'Flood mesaj atabilmek için gereken süre';
$txt['doublePostHelp'] = 'Flood mesajların engelleneceği süre (gün olarak). Kullanıcı belirtilen zaman içinde ikinci bir mesajı gönderemez.';
$txt['doublePostAdmin_sub'] = 'Gün olarak belirlenir. Ayrıntılı bilgi için "?" tıklayınız. Flood mesajları sürekli engellemek istiyorsanız boş bırakınız.';

]]>
</add>
  </operation>
 </file>
 <file name="$languagedir/Modifications.french.php" error="skip">
 	<operation>
 		<search position="after"><![CDATA[?>]]></search>
 		<add><![CDATA[
// Double Post stopper strings
$txt['double_post_attempt'] = 'Désolé, tu n\'es pas permis de double-poster. Revient en arrière et edit ton post.';
$txt['permissionname_doublePost'] = 'Peux double-poster';
$txt['permissionhelp_doublePost'] = 'En mettant cette option, l\'utilisateur va avoir la permission de poster deux fois d\'affilée.';
$txt['doublePostAdmin_main'] = 'Temps entre deux posts du même user.';
$txt['doublePostHelp'] = 'Temps ( en jours ) avant que le post ne soit considéré comme un essaie de monter son topic.';
$txt['doublePostAdmin_sub'] = 'Est mits en jours. Cliquez l\'iconne: <img src="images/helptopics.gif" /> pour plus d'infos. Laissez vide pour toujours permettre le double-posting.';

]]>
</add>
	</operation>
</file>

  <file name="$sourcedir/ManagePermissions.php">
  <operation>
    <search position="before"><![CDATA[				'report_any' => false,]]></search>
   <add><![CDATA[				'doublePost' => false,]]>
</add>
  </operation>
 </file> 
   <file name="$sourcedir/ManagePosts.php">
  <operation>
    <search position="before"><![CDATA[			'enableAllMessages' => empty($_POST['enableAllMessages']) ? '0' : (int) $_POST['enableAllMessages'],
			'enablePreviousNext' => empty($_POST['enablePreviousNext']) ? '0' : '1',]]></search>
   <add><![CDATA[			'doublePostThold' => $_POST['doublePostThold'],]]>
</add>
  </operation>
 </file>  
    <file name="$themedir/Admin.template.php">
  <operation>
    <search position="before"><![CDATA[				<td valign="top">
					<input type="checkbox" name="enablePreviousNext" id="enablePreviousNext_check"', empty($modSettings['enablePreviousNext']) ? '' : ' checked="checked"', ' class="check" />
				</td>
			</tr>]]></search>
   <add><![CDATA[			<tr class="windowbg2">
				<td colspan="2"><hr /></td>
			</tr>
			<tr class="windowbg2">
				<th width="50%" align="right">
					<label for="doublePostThold">', $txt['doublePostAdmin_main'] ,'</label> <span style="font-weight: normal;">(<a href="', $scripturl, '?action=helpadmin;help=doublePostHelp" onclick="return reqWin(this.href);">?</a>)</span>:
					<div class="smalltext" style="font-weight: normal;">', $txt['doublePostAdmin_sub'] , '</div>
				</th>
				<td valign="top">
					<input type="text" name="doublePostThold" id="doublePostThold" value="', $modSettings['doublePostThold'] ,'" size="5" /> ', $txt['manageposts_days'], '
				</td>
			</tr>]]>
</add>
  </operation>
 </file>
 </modification>