<?xml version="1.0"?>
<!DOCTYPE package-info SYSTEM "http://www.simplemachines.org/xml/package-info">
 <package-info xmlns="http://www.simplemachines.org/xml/package-info" xmlns:smf="http://www.simplemachines.org/">
  <id>Dragooon:DoublePostStopper</id>
  <name>Double Post Stopper</name>
  <version>1.1</version>
  <type>modification</type>
  <install for="1.1.0 - 1.99.99">
      <readme type="file" parsebbc="true">readme.txt</readme> 
	<code>install.php</code>
      <modification>install.xml</modification>
  </install>
  <uninstall for="1.1.0 - 1.99.99">
      <modification reverse="true">install.xml</modification>
  </uninstall>
  <install for="2.0 - 2.0.99">
  	<readme type="file" parsebbc="true">readme.txt</readme>
  	<code>install-20.php</code>
  	<modification>install-20.xml</modification>
  </install>
  <uninstall for="2.0 - 2.0.99">
  	<modification reverse="true">install-20.xml</modification>
  </uninstall>
 </package-info>