<?xml version="1.0"?>
<!DOCTYPE package-info SYSTEM "http://www.simplemachines.org/xml/package-info">
<!-- - - - - - - - - - - - - - - - - - - - - - - - - - - - - - - - - - - - - - -
	This is a simplified package manifest for SMF packages.

	Package Manifest file for the Remove Images from Quotes
	Created by Chas Large - January 2010
	
	This mod removes images from quoted text and leaves a link to the image. 
	Clicking the link restores the removed image.

================================================================================

	This script can be used to make your package do many different things.

 - - - - - - - - - - - - - - - - - - - - - - - - - - - - - - - - - - - - - - -->

<package-info xmlns="http://www.simplemachines.org/xml/package-info" xmlns:smf="http://www.simplemachines.org/">
	<!-- For the id, always use something unique - put your name, a colon, and then the package name. -->
	<id>chaslarge:removeimagesfromquotes</id>
	<!-- Below should be the name of this package. -->
	<name>Remove images from quotes</name>
	<!-- The version of this modification.  Keep it numeric so PHP can tell that old < new. -->
	<version>1.6</version>

	<!-- Type, one of: modification, avatar, language. -->
	<type>modification</type>

	<!-- Installation, the key part of this file. -->
	<install for="2.0 - 2.99.99">
		<readme type="file" parsebbc="true">readme.txt</readme>
		<modification format="xml" type="file">remove_image_from_quotes_modification.xml</modification>
	</install>

	<!-- Don't forget something to make it uninstallable! -->
	<uninstall for="2.0 - 2.99.99">
		<modification  format="xml" type="file" reverse="true">remove_image_from_quotes_modification.xml</modification>
	</uninstall>
</package-info>
