<?xml version="1.0"?>
<!DOCTYPE modification SYSTEM "http://www.simplemachines.org/xml/modification">
<!-- - - - - - - - - - - - - - - - - - - - - - - - - - - - - - - - - - - - - - -
	
	Installation file for the Remove Images from quotes mod
	Created by Chas Large - February 2010
	
	This mod removes images from quoted text and leaves a link to the image. 
	Clicking the link restores the removed image.

 - - - - - - - - - - - - - - - - - - - - - - - - - - - - - - - - - - - - - - -->

<modification xmlns="http://www.simplemachines.org/xml/modification" xmlns:smf="http://www.simplemachines.org/">
	<!-- This information needs to be the same as that in the package-info.xml. -->
	<name>Remove images from quotes</name>
	<id>chaslarge:removeimagesfromquotes</id>
	<version>1.6</version>
	<file name="$sourcedir/Subs.php">
		<operation>
			<search position="before"><![CDATA[
			array(
				'tag' => 'html',
				'type' => 'unparsed_content',
				'content' => '$1',
				'block_level' => true,
				'disabled_content' => '$1',
			),
			]]></search>
			<add><![CDATA[
			// Remove images from quotes.
         array(
            'tag' => 'img',
            'type' => 'unparsed_content',
            'require_parents' => array('quote'),
            'parameters' => array(
               'alt' => array('optional' => true),
               'width' => array('optional' => true, 'value' => ' width="$1"', 'match' => '(\d+)'),
               'height' => array('optional' => true, 'value' => ' height="$1"', 'match' => '(\d+)'),
            ),
            'content' => '<i>(<a href="$1" target="_blank" onclick="this.parentNode.innerHTML = \'&lt;i\' + \'mg src=\\\'\' + this.href + \'\\\' /\' + \'>\'; return false;">' . $txt['remove_image_from_post'] . '</a>.)</i>',
            'validate' => create_function('&$tag, &$data, $disabled', '$data = strtr($data, array(\'<br />\' => \'\'));'),
            'disabled_content' => '($1)',
         ),
         array(
            'tag' => 'img',
            'type' => 'unparsed_content',
            'require_parents' => array('quote'),
            'content' => '<i>(<a href="$1" target="_blank" onclick="this.parentNode.innerHTML = \'&lt;i\' + \'mg src=\\\'\' + this.href + \'\\\' /\' + \'>\'; return false;">' . $txt['remove_image_from_post'] . '</a>.)</i>',
            'validate' => create_function('&$tag, &$data, $disabled', '$data = strtr($data, array(\'<br />\' => \'\'));'),
            'disabled_content' => '($1)',
         ),
			]]></add>
	</operation>		
	</file>
	<file name="$languagedir/Modifications.english.php">
		<operation>
	     <search position="end" />
			<add><![CDATA[
$txt['remove_image_from_post'] = 'Image removed from quote';]]></add>
		</operation>
       </file>	
	<file name="$languagedir/Modifications.english_british.php" error="skip">
			  <operation>
				<search position="end" />
				<add><![CDATA[
$txt['remove_image_from_post'] = 'Image removed from quote';]]></add>
			</operation>
    </file>		
</modification>
