<?xml version="1.0"?>
<!DOCTYPE package-info SYSTEM "http://www.simplemachines.org/xml/package-info">
<!-- - - - - - - - - - - - - - - - - - - - - - - - - - - - - - - - - - - - - - -
	Package manifest file for cb|GeSHi-mod modification

	ATTENTION: If you are trying to install this manually, you should try
	the package manager.  If it will not work for you, please take a look
	at the following for information on this format:
		http://mods.simplemachines.org/docs/manual-install.php

	cb|GeSHi-mod (c) 2012-2013, codebirth
 	Website: http://codebirth.com

 - - - - - - - - - - - - - - - - - - - - - - - - - - - - - - - - - - - - - - -->

<package-info xmlns="http://www.simplemachines.org/xml/package-info" xmlns:smf="http://www.simplemachines.org/">

	<id>codebirth:geshi_mod</id>
	<name>cb|GeSHi-mod</name>
	<version>1.2</version>
	<type>modification</type>

	<install for="2.*">
		<readme parsebbc="true">license.bbc</readme>
		<modification>mod_cb_geshi_mod.xml</modification>
		<modification>mod_cb_geshi_mod_languages_iso.xml</modification>
		<modification>mod_cb_geshi_mod_languages_utf8.xml</modification>
		<require-dir name="Sources" destination="$boarddir" />
		<code type="file">db_install.php</code>
 		<redirect url="$scripturl?action=admin;area=theme;sa=settings;th=$settings['theme_id']" timeout="15000">postinstall.html</redirect>
	</install>

	<uninstall for="2.*">
		<remove-dir name="$sourcedir/geshi" />
		<remove-file name="$sourcedir/geshi.php" />
		<modification reverse="true">mod_cb_geshi_mod_languages_utf8.xml</modification>
		<modification reverse="true">mod_cb_geshi_mod_languages_iso.xml</modification>
		<modification reverse="true">mod_cb_geshi_mod.xml</modification>
	</uninstall>

</package-info>
